[
    {
        "id": 1,
        "question": "Complex academic or logic question number 1. Please replace this placeholder with the actual question."
    },
    {
        "id": 2,
        "question": "Complex academic or logic question number 2. Please replace this placeholder with the actual question."
    },
    {
        "id": 3,
        "question": "Complex academic or logic question number 3. Please replace this placeholder with the actual question."
    },
    {
        "id": 4,
        "question": "Complex academic or logic question number 4. Please replace this placeholder with the actual question."
    },
    {
        "id": 5,
        "question": "Complex academic or logic question number 5. Please replace this placeholder with the actual question."
    },
    {
        "id": 6,
        "question": "Complex academic or logic question number 6. Please replace this placeholder with the actual question."
    },
    {
        "id": 7,
        "question": "Complex academic or logic question number 7. Please replace this placeholder with the actual question."
    },
    {
        "id": 8,
        "question": "Complex academic or logic question number 8. Please replace this placeholder with the actual question."
    },
    {
        "id": 9,
        "question": "Complex academic or logic question number 9. Please replace this placeholder with the actual question."
    },
    {
        "id": 10,
        "question": "Complex academic or logic question number 10. Please replace this placeholder with the actual question."
    },
    {
        "id": 11,
        "question": "Complex academic or logic question number 11. Please replace this placeholder with the actual question."
    },
    {
        "id": 12,
        "question": "Complex academic or logic question number 12. Please replace this placeholder with the actual question."
    },
    {
        "id": 13,
        "question": "Complex academic or logic question number 13. Please replace this placeholder with the actual question."
    },
    {
        "id": 14,
        "question": "Complex academic or logic question number 14. Please replace this placeholder with the actual question."
    },
    {
        "id": 15,
        "question": "Complex academic or logic question number 15. Please replace this placeholder with the actual question."
    },
    {
        "id": 16,
        "question": "Complex academic or logic question number 16. Please replace this placeholder with the actual question."
    },
    {
        "id": 17,
        "question": "Complex academic or logic question number 17. Please replace this placeholder with the actual question."
    },
    {
        "id": 18,
        "question": "Complex academic or logic question number 18. Please replace this placeholder with the actual question."
    },
    {
        "id": 19,
        "question": "Complex academic or logic question number 19. Please replace this placeholder with the actual question."
    },
    {
        "id": 20,
        "question": "Complex academic or logic question number 20. Please replace this placeholder with the actual question."
    },
    {
        "id": 21,
        "question": "Complex academic or logic question number 21. Please replace this placeholder with the actual question."
    },
    {
        "id": 22,
        "question": "Complex academic or logic question number 22. Please replace this placeholder with the actual question."
    },
    {
        "id": 23,
        "question": "Complex academic or logic question number 23. Please replace this placeholder with the actual question."
    },
    {
        "id": 24,
        "question": "Complex academic or logic question number 24. Please replace this placeholder with the actual question."
    },
    {
        "id": 25,
        "question": "Complex academic or logic question number 25. Please replace this placeholder with the actual question."
    },
    {
        "id": 26,
        "question": "Complex academic or logic question number 26. Please replace this placeholder with the actual question."
    },
    {
        "id": 27,
        "question": "Complex academic or logic question number 27. Please replace this placeholder with the actual question."
    },
    {
        "id": 28,
        "question": "Complex academic or logic question number 28. Please replace this placeholder with the actual question."
    },
    {
        "id": 29,
        "question": "Complex academic or logic question number 29. Please replace this placeholder with the actual question."
    },
    {
        "id": 30,
        "question": "Complex academic or logic question number 30. Please replace this placeholder with the actual question."
    },
    {
        "id": 31,
        "question": "Complex academic or logic question number 31. Please replace this placeholder with the actual question."
    },
    {
        "id": 32,
        "question": "Complex academic or logic question number 32. Please replace this placeholder with the actual question."
    },
    {
        "id": 33,
        "question": "Complex academic or logic question number 33. Please replace this placeholder with the actual question."
    },
    {
        "id": 34,
        "question": "Complex academic or logic question number 34. Please replace this placeholder with the actual question."
    },
    {
        "id": 35,
        "question": "Complex academic or logic question number 35. Please replace this placeholder with the actual question."
    },
    {
        "id": 36,
        "question": "Complex academic or logic question number 36. Please replace this placeholder with the actual question."
    },
    {
        "id": 37,
        "question": "Complex academic or logic question number 37. Please replace this placeholder with the actual question."
    },
    {
        "id": 38,
        "question": "Complex academic or logic question number 38. Please replace this placeholder with the actual question."
    },
    {
        "id": 39,
        "question": "Complex academic or logic question number 39. Please replace this placeholder with the actual question."
    },
    {
        "id": 40,
        "question": "Complex academic or logic question number 40. Please replace this placeholder with the actual question."
    },
    {
        "id": 41,
        "question": "Complex academic or logic question number 41. Please replace this placeholder with the actual question."
    },
    {
        "id": 42,
        "question": "Complex academic or logic question number 42. Please replace this placeholder with the actual question."
    },
    {
        "id": 43,
        "question": "Complex academic or logic question number 43. Please replace this placeholder with the actual question."
    },
    {
        "id": 44,
        "question": "Complex academic or logic question number 44. Please replace this placeholder with the actual question."
    },
    {
        "id": 45,
        "question": "Complex academic or logic question number 45. Please replace this placeholder with the actual question."
    },
    {
        "id": 46,
        "question": "Complex academic or logic question number 46. Please replace this placeholder with the actual question."
    },
    {
        "id": 47,
        "question": "Complex academic or logic question number 47. Please replace this placeholder with the actual question."
    },
    {
        "id": 48,
        "question": "Complex academic or logic question number 48. Please replace this placeholder with the actual question."
    },
    {
        "id": 49,
        "question": "Complex academic or logic question number 49. Please replace this placeholder with the actual question."
    },
    {
        "id": 50,
        "question": "Complex academic or logic question number 50. Please replace this placeholder with the actual question."
    },
    {
        "id": 51,
        "question": "Complex academic or logic question number 51. Please replace this placeholder with the actual question."
    },
    {
        "id": 52,
        "question": "Complex academic or logic question number 52. Please replace this placeholder with the actual question."
    },
    {
        "id": 53,
        "question": "Complex academic or logic question number 53. Please replace this placeholder with the actual question."
    },
    {
        "id": 54,
        "question": "Complex academic or logic question number 54. Please replace this placeholder with the actual question."
    },
    {
        "id": 55,
        "question": "Complex academic or logic question number 55. Please replace this placeholder with the actual question."
    },
    {
        "id": 56,
        "question": "Complex academic or logic question number 56. Please replace this placeholder with the actual question."
    },
    {
        "id": 57,
        "question": "Complex academic or logic question number 57. Please replace this placeholder with the actual question."
    },
    {
        "id": 58,
        "question": "Complex academic or logic question number 58. Please replace this placeholder with the actual question."
    },
    {
        "id": 59,
        "question": "Complex academic or logic question number 59. Please replace this placeholder with the actual question."
    },
    {
        "id": 60,
        "question": "Complex academic or logic question number 60. Please replace this placeholder with the actual question."
    },
    {
        "id": 61,
        "question": "Complex academic or logic question number 61. Please replace this placeholder with the actual question."
    },
    {
        "id": 62,
        "question": "Complex academic or logic question number 62. Please replace this placeholder with the actual question."
    },
    {
        "id": 63,
        "question": "Complex academic or logic question number 63. Please replace this placeholder with the actual question."
    },
    {
        "id": 64,
        "question": "Complex academic or logic question number 64. Please replace this placeholder with the actual question."
    },
    {
        "id": 65,
        "question": "Complex academic or logic question number 65. Please replace this placeholder with the actual question."
    },
    {
        "id": 66,
        "question": "Complex academic or logic question number 66. Please replace this placeholder with the actual question."
    },
    {
        "id": 67,
        "question": "Complex academic or logic question number 67. Please replace this placeholder with the actual question."
    },
    {
        "id": 68,
        "question": "Complex academic or logic question number 68. Please replace this placeholder with the actual question."
    },
    {
        "id": 69,
        "question": "Complex academic or logic question number 69. Please replace this placeholder with the actual question."
    },
    {
        "id": 70,
        "question": "Complex academic or logic question number 70. Please replace this placeholder with the actual question."
    },
    {
        "id": 71,
        "question": "Complex academic or logic question number 71. Please replace this placeholder with the actual question."
    },
    {
        "id": 72,
        "question": "Complex academic or logic question number 72. Please replace this placeholder with the actual question."
    },
    {
        "id": 73,
        "question": "Complex academic or logic question number 73. Please replace this placeholder with the actual question."
    },
    {
        "id": 74,
        "question": "Complex academic or logic question number 74. Please replace this placeholder with the actual question."
    },
    {
        "id": 75,
        "question": "Complex academic or logic question number 75. Please replace this placeholder with the actual question."
    },
    {
        "id": 76,
        "question": "Complex academic or logic question number 76. Please replace this placeholder with the actual question."
    },
    {
        "id": 77,
        "question": "Complex academic or logic question number 77. Please replace this placeholder with the actual question."
    },
    {
        "id": 78,
        "question": "Complex academic or logic question number 78. Please replace this placeholder with the actual question."
    },
    {
        "id": 79,
        "question": "Complex academic or logic question number 79. Please replace this placeholder with the actual question."
    },
    {
        "id": 80,
        "question": "Complex academic or logic question number 80. Please replace this placeholder with the actual question."
    },
    {
        "id": 81,
        "question": "Complex academic or logic question number 81. Please replace this placeholder with the actual question."
    },
    {
        "id": 82,
        "question": "Complex academic or logic question number 82. Please replace this placeholder with the actual question."
    },
    {
        "id": 83,
        "question": "Complex academic or logic question number 83. Please replace this placeholder with the actual question."
    },
    {
        "id": 84,
        "question": "Complex academic or logic question number 84. Please replace this placeholder with the actual question."
    },
    {
        "id": 85,
        "question": "Complex academic or logic question number 85. Please replace this placeholder with the actual question."
    },
    {
        "id": 86,
        "question": "Complex academic or logic question number 86. Please replace this placeholder with the actual question."
    },
    {
        "id": 87,
        "question": "Complex academic or logic question number 87. Please replace this placeholder with the actual question."
    },
    {
        "id": 88,
        "question": "Complex academic or logic question number 88. Please replace this placeholder with the actual question."
    },
    {
        "id": 89,
        "question": "Complex academic or logic question number 89. Please replace this placeholder with the actual question."
    },
    {
        "id": 90,
        "question": "Complex academic or logic question number 90. Please replace this placeholder with the actual question."
    },
    {
        "id": 91,
        "question": "Complex academic or logic question number 91. Please replace this placeholder with the actual question."
    },
    {
        "id": 92,
        "question": "Complex academic or logic question number 92. Please replace this placeholder with the actual question."
    },
    {
        "id": 93,
        "question": "Complex academic or logic question number 93. Please replace this placeholder with the actual question."
    },
    {
        "id": 94,
        "question": "Complex academic or logic question number 94. Please replace this placeholder with the actual question."
    },
    {
        "id": 95,
        "question": "Complex academic or logic question number 95. Please replace this placeholder with the actual question."
    },
    {
        "id": 96,
        "question": "Complex academic or logic question number 96. Please replace this placeholder with the actual question."
    },
    {
        "id": 97,
        "question": "Complex academic or logic question number 97. Please replace this placeholder with the actual question."
    },
    {
        "id": 98,
        "question": "Complex academic or logic question number 98. Please replace this placeholder with the actual question."
    },
    {
        "id": 99,
        "question": "Complex academic or logic question number 99. Please replace this placeholder with the actual question."
    },
    {
        "id": 100,
        "question": "Complex academic or logic question number 100. Please replace this placeholder with the actual question."
    },
    {
        "id": 101,
        "question": "Complex academic or logic question number 101. Please replace this placeholder with the actual question."
    },
    {
        "id": 102,
        "question": "Complex academic or logic question number 102. Please replace this placeholder with the actual question."
    },
    {
        "id": 103,
        "question": "Complex academic or logic question number 103. Please replace this placeholder with the actual question."
    },
    {
        "id": 104,
        "question": "Complex academic or logic question number 104. Please replace this placeholder with the actual question."
    },
    {
        "id": 105,
        "question": "Complex academic or logic question number 105. Please replace this placeholder with the actual question."
    },
    {
        "id": 106,
        "question": "Complex academic or logic question number 106. Please replace this placeholder with the actual question."
    },
    {
        "id": 107,
        "question": "Complex academic or logic question number 107. Please replace this placeholder with the actual question."
    },
    {
        "id": 108,
        "question": "Complex academic or logic question number 108. Please replace this placeholder with the actual question."
    },
    {
        "id": 109,
        "question": "Complex academic or logic question number 109. Please replace this placeholder with the actual question."
    },
    {
        "id": 110,
        "question": "Complex academic or logic question number 110. Please replace this placeholder with the actual question."
    },
    {
        "id": 111,
        "question": "Complex academic or logic question number 111. Please replace this placeholder with the actual question."
    },
    {
        "id": 112,
        "question": "Complex academic or logic question number 112. Please replace this placeholder with the actual question."
    },
    {
        "id": 113,
        "question": "Complex academic or logic question number 113. Please replace this placeholder with the actual question."
    },
    {
        "id": 114,
        "question": "Complex academic or logic question number 114. Please replace this placeholder with the actual question."
    },
    {
        "id": 115,
        "question": "Complex academic or logic question number 115. Please replace this placeholder with the actual question."
    },
    {
        "id": 116,
        "question": "Complex academic or logic question number 116. Please replace this placeholder with the actual question."
    },
    {
        "id": 117,
        "question": "Complex academic or logic question number 117. Please replace this placeholder with the actual question."
    },
    {
        "id": 118,
        "question": "Complex academic or logic question number 118. Please replace this placeholder with the actual question."
    },
    {
        "id": 119,
        "question": "Complex academic or logic question number 119. Please replace this placeholder with the actual question."
    },
    {
        "id": 120,
        "question": "Complex academic or logic question number 120. Please replace this placeholder with the actual question."
    },
    {
        "id": 121,
        "question": "Complex academic or logic question number 121. Please replace this placeholder with the actual question."
    },
    {
        "id": 122,
        "question": "Complex academic or logic question number 122. Please replace this placeholder with the actual question."
    },
    {
        "id": 123,
        "question": "Complex academic or logic question number 123. Please replace this placeholder with the actual question."
    },
    {
        "id": 124,
        "question": "Complex academic or logic question number 124. Please replace this placeholder with the actual question."
    },
    {
        "id": 125,
        "question": "Complex academic or logic question number 125. Please replace this placeholder with the actual question."
    },
    {
        "id": 126,
        "question": "Complex academic or logic question number 126. Please replace this placeholder with the actual question."
    },
    {
        "id": 127,
        "question": "Complex academic or logic question number 127. Please replace this placeholder with the actual question."
    },
    {
        "id": 128,
        "question": "Complex academic or logic question number 128. Please replace this placeholder with the actual question."
    },
    {
        "id": 129,
        "question": "Complex academic or logic question number 129. Please replace this placeholder with the actual question."
    },
    {
        "id": 130,
        "question": "Complex academic or logic question number 130. Please replace this placeholder with the actual question."
    },
    {
        "id": 131,
        "question": "Complex academic or logic question number 131. Please replace this placeholder with the actual question."
    },
    {
        "id": 132,
        "question": "Complex academic or logic question number 132. Please replace this placeholder with the actual question."
    },
    {
        "id": 133,
        "question": "Complex academic or logic question number 133. Please replace this placeholder with the actual question."
    },
    {
        "id": 134,
        "question": "Complex academic or logic question number 134. Please replace this placeholder with the actual question."
    },
    {
        "id": 135,
        "question": "Complex academic or logic question number 135. Please replace this placeholder with the actual question."
    },
    {
        "id": 136,
        "question": "Complex academic or logic question number 136. Please replace this placeholder with the actual question."
    },
    {
        "id": 137,
        "question": "Complex academic or logic question number 137. Please replace this placeholder with the actual question."
    },
    {
        "id": 138,
        "question": "Complex academic or logic question number 138. Please replace this placeholder with the actual question."
    },
    {
        "id": 139,
        "question": "Complex academic or logic question number 139. Please replace this placeholder with the actual question."
    },
    {
        "id": 140,
        "question": "Complex academic or logic question number 140. Please replace this placeholder with the actual question."
    },
    {
        "id": 141,
        "question": "Complex academic or logic question number 141. Please replace this placeholder with the actual question."
    },
    {
        "id": 142,
        "question": "Complex academic or logic question number 142. Please replace this placeholder with the actual question."
    },
    {
        "id": 143,
        "question": "Complex academic or logic question number 143. Please replace this placeholder with the actual question."
    },
    {
        "id": 144,
        "question": "Complex academic or logic question number 144. Please replace this placeholder with the actual question."
    },
    {
        "id": 145,
        "question": "Complex academic or logic question number 145. Please replace this placeholder with the actual question."
    },
    {
        "id": 146,
        "question": "Complex academic or logic question number 146. Please replace this placeholder with the actual question."
    },
    {
        "id": 147,
        "question": "Complex academic or logic question number 147. Please replace this placeholder with the actual question."
    },
    {
        "id": 148,
        "question": "Complex academic or logic question number 148. Please replace this placeholder with the actual question."
    },
    {
        "id": 149,
        "question": "Complex academic or logic question number 149. Please replace this placeholder with the actual question."
    },
    {
        "id": 150,
        "question": "Complex academic or logic question number 150. Please replace this placeholder with the actual question."
    },
    {
        "id": 151,
        "question": "Complex academic or logic question number 151. Please replace this placeholder with the actual question."
    },
    {
        "id": 152,
        "question": "Complex academic or logic question number 152. Please replace this placeholder with the actual question."
    },
    {
        "id": 153,
        "question": "Complex academic or logic question number 153. Please replace this placeholder with the actual question."
    },
    {
        "id": 154,
        "question": "Complex academic or logic question number 154. Please replace this placeholder with the actual question."
    },
    {
        "id": 155,
        "question": "Complex academic or logic question number 155. Please replace this placeholder with the actual question."
    },
    {
        "id": 156,
        "question": "Complex academic or logic question number 156. Please replace this placeholder with the actual question."
    },
    {
        "id": 157,
        "question": "Complex academic or logic question number 157. Please replace this placeholder with the actual question."
    },
    {
        "id": 158,
        "question": "Complex academic or logic question number 158. Please replace this placeholder with the actual question."
    },
    {
        "id": 159,
        "question": "Complex academic or logic question number 159. Please replace this placeholder with the actual question."
    },
    {
        "id": 160,
        "question": "Complex academic or logic question number 160. Please replace this placeholder with the actual question."
    },
    {
        "id": 161,
        "question": "Complex academic or logic question number 161. Please replace this placeholder with the actual question."
    },
    {
        "id": 162,
        "question": "Complex academic or logic question number 162. Please replace this placeholder with the actual question."
    },
    {
        "id": 163,
        "question": "Complex academic or logic question number 163. Please replace this placeholder with the actual question."
    },
    {
        "id": 164,
        "question": "Complex academic or logic question number 164. Please replace this placeholder with the actual question."
    },
    {
        "id": 165,
        "question": "Complex academic or logic question number 165. Please replace this placeholder with the actual question."
    },
    {
        "id": 166,
        "question": "Complex academic or logic question number 166. Please replace this placeholder with the actual question."
    },
    {
        "id": 167,
        "question": "Complex academic or logic question number 167. Please replace this placeholder with the actual question."
    },
    {
        "id": 168,
        "question": "Complex academic or logic question number 168. Please replace this placeholder with the actual question."
    },
    {
        "id": 169,
        "question": "Complex academic or logic question number 169. Please replace this placeholder with the actual question."
    },
    {
        "id": 170,
        "question": "Complex academic or logic question number 170. Please replace this placeholder with the actual question."
    },
    {
        "id": 171,
        "question": "Complex academic or logic question number 171. Please replace this placeholder with the actual question."
    },
    {
        "id": 172,
        "question": "Complex academic or logic question number 172. Please replace this placeholder with the actual question."
    },
    {
        "id": 173,
        "question": "Complex academic or logic question number 173. Please replace this placeholder with the actual question."
    },
    {
        "id": 174,
        "question": "Complex academic or logic question number 174. Please replace this placeholder with the actual question."
    },
    {
        "id": 175,
        "question": "Complex academic or logic question number 175. Please replace this placeholder with the actual question."
    },
    {
        "id": 176,
        "question": "Complex academic or logic question number 176. Please replace this placeholder with the actual question."
    },
    {
        "id": 177,
        "question": "Complex academic or logic question number 177. Please replace this placeholder with the actual question."
    },
    {
        "id": 178,
        "question": "Complex academic or logic question number 178. Please replace this placeholder with the actual question."
    },
    {
        "id": 179,
        "question": "Complex academic or logic question number 179. Please replace this placeholder with the actual question."
    },
    {
        "id": 180,
        "question": "Complex academic or logic question number 180. Please replace this placeholder with the actual question."
    },
    {
        "id": 181,
        "question": "Complex academic or logic question number 181. Please replace this placeholder with the actual question."
    },
    {
        "id": 182,
        "question": "Complex academic or logic question number 182. Please replace this placeholder with the actual question."
    },
    {
        "id": 183,
        "question": "Complex academic or logic question number 183. Please replace this placeholder with the actual question."
    },
    {
        "id": 184,
        "question": "Complex academic or logic question number 184. Please replace this placeholder with the actual question."
    },
    {
        "id": 185,
        "question": "Complex academic or logic question number 185. Please replace this placeholder with the actual question."
    },
    {
        "id": 186,
        "question": "Complex academic or logic question number 186. Please replace this placeholder with the actual question."
    },
    {
        "id": 187,
        "question": "Complex academic or logic question number 187. Please replace this placeholder with the actual question."
    },
    {
        "id": 188,
        "question": "Complex academic or logic question number 188. Please replace this placeholder with the actual question."
    },
    {
        "id": 189,
        "question": "Complex academic or logic question number 189. Please replace this placeholder with the actual question."
    },
    {
        "id": 190,
        "question": "Complex academic or logic question number 190. Please replace this placeholder with the actual question."
    },
    {
        "id": 191,
        "question": "Complex academic or logic question number 191. Please replace this placeholder with the actual question."
    },
    {
        "id": 192,
        "question": "Complex academic or logic question number 192. Please replace this placeholder with the actual question."
    },
    {
        "id": 193,
        "question": "Complex academic or logic question number 193. Please replace this placeholder with the actual question."
    },
    {
        "id": 194,
        "question": "Complex academic or logic question number 194. Please replace this placeholder with the actual question."
    },
    {
        "id": 195,
        "question": "Complex academic or logic question number 195. Please replace this placeholder with the actual question."
    },
    {
        "id": 196,
        "question": "Complex academic or logic question number 196. Please replace this placeholder with the actual question."
    },
    {
        "id": 197,
        "question": "Complex academic or logic question number 197. Please replace this placeholder with the actual question."
    },
    {
        "id": 198,
        "question": "Complex academic or logic question number 198. Please replace this placeholder with the actual question."
    },
    {
        "id": 199,
        "question": "Complex academic or logic question number 199. Please replace this placeholder with the actual question."
    },
    {
        "id": 200,
        "question": "Complex academic or logic question number 200. Please replace this placeholder with the actual question."
    },
    {
        "id": 201,
        "question": "Complex academic or logic question number 201. Please replace this placeholder with the actual question."
    },
    {
        "id": 202,
        "question": "Complex academic or logic question number 202. Please replace this placeholder with the actual question."
    },
    {
        "id": 203,
        "question": "Complex academic or logic question number 203. Please replace this placeholder with the actual question."
    },
    {
        "id": 204,
        "question": "Complex academic or logic question number 204. Please replace this placeholder with the actual question."
    },
    {
        "id": 205,
        "question": "Complex academic or logic question number 205. Please replace this placeholder with the actual question."
    },
    {
        "id": 206,
        "question": "Complex academic or logic question number 206. Please replace this placeholder with the actual question."
    },
    {
        "id": 207,
        "question": "Complex academic or logic question number 207. Please replace this placeholder with the actual question."
    },
    {
        "id": 208,
        "question": "Complex academic or logic question number 208. Please replace this placeholder with the actual question."
    },
    {
        "id": 209,
        "question": "Complex academic or logic question number 209. Please replace this placeholder with the actual question."
    },
    {
        "id": 210,
        "question": "Complex academic or logic question number 210. Please replace this placeholder with the actual question."
    },
    {
        "id": 211,
        "question": "Complex academic or logic question number 211. Please replace this placeholder with the actual question."
    },
    {
        "id": 212,
        "question": "Complex academic or logic question number 212. Please replace this placeholder with the actual question."
    },
    {
        "id": 213,
        "question": "Complex academic or logic question number 213. Please replace this placeholder with the actual question."
    },
    {
        "id": 214,
        "question": "Complex academic or logic question number 214. Please replace this placeholder with the actual question."
    },
    {
        "id": 215,
        "question": "Complex academic or logic question number 215. Please replace this placeholder with the actual question."
    },
    {
        "id": 216,
        "question": "Complex academic or logic question number 216. Please replace this placeholder with the actual question."
    },
    {
        "id": 217,
        "question": "Complex academic or logic question number 217. Please replace this placeholder with the actual question."
    },
    {
        "id": 218,
        "question": "Complex academic or logic question number 218. Please replace this placeholder with the actual question."
    },
    {
        "id": 219,
        "question": "Complex academic or logic question number 219. Please replace this placeholder with the actual question."
    },
    {
        "id": 220,
        "question": "Complex academic or logic question number 220. Please replace this placeholder with the actual question."
    },
    {
        "id": 221,
        "question": "Complex academic or logic question number 221. Please replace this placeholder with the actual question."
    },
    {
        "id": 222,
        "question": "Complex academic or logic question number 222. Please replace this placeholder with the actual question."
    },
    {
        "id": 223,
        "question": "Complex academic or logic question number 223. Please replace this placeholder with the actual question."
    },
    {
        "id": 224,
        "question": "Complex academic or logic question number 224. Please replace this placeholder with the actual question."
    },
    {
        "id": 225,
        "question": "Complex academic or logic question number 225. Please replace this placeholder with the actual question."
    },
    {
        "id": 226,
        "question": "Complex academic or logic question number 226. Please replace this placeholder with the actual question."
    },
    {
        "id": 227,
        "question": "Complex academic or logic question number 227. Please replace this placeholder with the actual question."
    },
    {
        "id": 228,
        "question": "Complex academic or logic question number 228. Please replace this placeholder with the actual question."
    },
    {
        "id": 229,
        "question": "Complex academic or logic question number 229. Please replace this placeholder with the actual question."
    },
    {
        "id": 230,
        "question": "Complex academic or logic question number 230. Please replace this placeholder with the actual question."
    },
    {
        "id": 231,
        "question": "Complex academic or logic question number 231. Please replace this placeholder with the actual question."
    },
    {
        "id": 232,
        "question": "Complex academic or logic question number 232. Please replace this placeholder with the actual question."
    },
    {
        "id": 233,
        "question": "Complex academic or logic question number 233. Please replace this placeholder with the actual question."
    },
    {
        "id": 234,
        "question": "Complex academic or logic question number 234. Please replace this placeholder with the actual question."
    },
    {
        "id": 235,
        "question": "Complex academic or logic question number 235. Please replace this placeholder with the actual question."
    },
    {
        "id": 236,
        "question": "Complex academic or logic question number 236. Please replace this placeholder with the actual question."
    },
    {
        "id": 237,
        "question": "Complex academic or logic question number 237. Please replace this placeholder with the actual question."
    },
    {
        "id": 238,
        "question": "Complex academic or logic question number 238. Please replace this placeholder with the actual question."
    },
    {
        "id": 239,
        "question": "Complex academic or logic question number 239. Please replace this placeholder with the actual question."
    },
    {
        "id": 240,
        "question": "Complex academic or logic question number 240. Please replace this placeholder with the actual question."
    },
    {
        "id": 241,
        "question": "Complex academic or logic question number 241. Please replace this placeholder with the actual question."
    },
    {
        "id": 242,
        "question": "Complex academic or logic question number 242. Please replace this placeholder with the actual question."
    },
    {
        "id": 243,
        "question": "Complex academic or logic question number 243. Please replace this placeholder with the actual question."
    },
    {
        "id": 244,
        "question": "Complex academic or logic question number 244. Please replace this placeholder with the actual question."
    },
    {
        "id": 245,
        "question": "Complex academic or logic question number 245. Please replace this placeholder with the actual question."
    },
    {
        "id": 246,
        "question": "Complex academic or logic question number 246. Please replace this placeholder with the actual question."
    },
    {
        "id": 247,
        "question": "Complex academic or logic question number 247. Please replace this placeholder with the actual question."
    },
    {
        "id": 248,
        "question": "Complex academic or logic question number 248. Please replace this placeholder with the actual question."
    },
    {
        "id": 249,
        "question": "Complex academic or logic question number 249. Please replace this placeholder with the actual question."
    },
    {
        "id": 250,
        "question": "Complex academic or logic question number 250. Please replace this placeholder with the actual question."
    },
    {
        "id": 251,
        "question": "Complex academic or logic question number 251. Please replace this placeholder with the actual question."
    },
    {
        "id": 252,
        "question": "Complex academic or logic question number 252. Please replace this placeholder with the actual question."
    },
    {
        "id": 253,
        "question": "Complex academic or logic question number 253. Please replace this placeholder with the actual question."
    },
    {
        "id": 254,
        "question": "Complex academic or logic question number 254. Please replace this placeholder with the actual question."
    },
    {
        "id": 255,
        "question": "Complex academic or logic question number 255. Please replace this placeholder with the actual question."
    },
    {
        "id": 256,
        "question": "Complex academic or logic question number 256. Please replace this placeholder with the actual question."
    },
    {
        "id": 257,
        "question": "Complex academic or logic question number 257. Please replace this placeholder with the actual question."
    },
    {
        "id": 258,
        "question": "Complex academic or logic question number 258. Please replace this placeholder with the actual question."
    },
    {
        "id": 259,
        "question": "Complex academic or logic question number 259. Please replace this placeholder with the actual question."
    },
    {
        "id": 260,
        "question": "Complex academic or logic question number 260. Please replace this placeholder with the actual question."
    },
    {
        "id": 261,
        "question": "Complex academic or logic question number 261. Please replace this placeholder with the actual question."
    },
    {
        "id": 262,
        "question": "Complex academic or logic question number 262. Please replace this placeholder with the actual question."
    },
    {
        "id": 263,
        "question": "Complex academic or logic question number 263. Please replace this placeholder with the actual question."
    },
    {
        "id": 264,
        "question": "Complex academic or logic question number 264. Please replace this placeholder with the actual question."
    },
    {
        "id": 265,
        "question": "Complex academic or logic question number 265. Please replace this placeholder with the actual question."
    },
    {
        "id": 266,
        "question": "Complex academic or logic question number 266. Please replace this placeholder with the actual question."
    },
    {
        "id": 267,
        "question": "Complex academic or logic question number 267. Please replace this placeholder with the actual question."
    },
    {
        "id": 268,
        "question": "Complex academic or logic question number 268. Please replace this placeholder with the actual question."
    },
    {
        "id": 269,
        "question": "Complex academic or logic question number 269. Please replace this placeholder with the actual question."
    },
    {
        "id": 270,
        "question": "Complex academic or logic question number 270. Please replace this placeholder with the actual question."
    },
    {
        "id": 271,
        "question": "Complex academic or logic question number 271. Please replace this placeholder with the actual question."
    },
    {
        "id": 272,
        "question": "Complex academic or logic question number 272. Please replace this placeholder with the actual question."
    },
    {
        "id": 273,
        "question": "Complex academic or logic question number 273. Please replace this placeholder with the actual question."
    },
    {
        "id": 274,
        "question": "Complex academic or logic question number 274. Please replace this placeholder with the actual question."
    },
    {
        "id": 275,
        "question": "Complex academic or logic question number 275. Please replace this placeholder with the actual question."
    },
    {
        "id": 276,
        "question": "Complex academic or logic question number 276. Please replace this placeholder with the actual question."
    },
    {
        "id": 277,
        "question": "Complex academic or logic question number 277. Please replace this placeholder with the actual question."
    },
    {
        "id": 278,
        "question": "Complex academic or logic question number 278. Please replace this placeholder with the actual question."
    },
    {
        "id": 279,
        "question": "Complex academic or logic question number 279. Please replace this placeholder with the actual question."
    },
    {
        "id": 280,
        "question": "Complex academic or logic question number 280. Please replace this placeholder with the actual question."
    },
    {
        "id": 281,
        "question": "Complex academic or logic question number 281. Please replace this placeholder with the actual question."
    },
    {
        "id": 282,
        "question": "Complex academic or logic question number 282. Please replace this placeholder with the actual question."
    },
    {
        "id": 283,
        "question": "Complex academic or logic question number 283. Please replace this placeholder with the actual question."
    },
    {
        "id": 284,
        "question": "Complex academic or logic question number 284. Please replace this placeholder with the actual question."
    },
    {
        "id": 285,
        "question": "Complex academic or logic question number 285. Please replace this placeholder with the actual question."
    },
    {
        "id": 286,
        "question": "Complex academic or logic question number 286. Please replace this placeholder with the actual question."
    },
    {
        "id": 287,
        "question": "Complex academic or logic question number 287. Please replace this placeholder with the actual question."
    },
    {
        "id": 288,
        "question": "Complex academic or logic question number 288. Please replace this placeholder with the actual question."
    },
    {
        "id": 289,
        "question": "Complex academic or logic question number 289. Please replace this placeholder with the actual question."
    },
    {
        "id": 290,
        "question": "Complex academic or logic question number 290. Please replace this placeholder with the actual question."
    },
    {
        "id": 291,
        "question": "Complex academic or logic question number 291. Please replace this placeholder with the actual question."
    },
    {
        "id": 292,
        "question": "Complex academic or logic question number 292. Please replace this placeholder with the actual question."
    },
    {
        "id": 293,
        "question": "Complex academic or logic question number 293. Please replace this placeholder with the actual question."
    },
    {
        "id": 294,
        "question": "Complex academic or logic question number 294. Please replace this placeholder with the actual question."
    },
    {
        "id": 295,
        "question": "Complex academic or logic question number 295. Please replace this placeholder with the actual question."
    },
    {
        "id": 296,
        "question": "Complex academic or logic question number 296. Please replace this placeholder with the actual question."
    },
    {
        "id": 297,
        "question": "Complex academic or logic question number 297. Please replace this placeholder with the actual question."
    },
    {
        "id": 298,
        "question": "Complex academic or logic question number 298. Please replace this placeholder with the actual question."
    },
    {
        "id": 299,
        "question": "Complex academic or logic question number 299. Please replace this placeholder with the actual question."
    },
    {
        "id": 300,
        "question": "Complex academic or logic question number 300. Please replace this placeholder with the actual question."
    },
    {
        "id": 301,
        "question": "Complex academic or logic question number 301. Please replace this placeholder with the actual question."
    },
    {
        "id": 302,
        "question": "Complex academic or logic question number 302. Please replace this placeholder with the actual question."
    },
    {
        "id": 303,
        "question": "Complex academic or logic question number 303. Please replace this placeholder with the actual question."
    },
    {
        "id": 304,
        "question": "Complex academic or logic question number 304. Please replace this placeholder with the actual question."
    },
    {
        "id": 305,
        "question": "Complex academic or logic question number 305. Please replace this placeholder with the actual question."
    },
    {
        "id": 306,
        "question": "Complex academic or logic question number 306. Please replace this placeholder with the actual question."
    },
    {
        "id": 307,
        "question": "Complex academic or logic question number 307. Please replace this placeholder with the actual question."
    },
    {
        "id": 308,
        "question": "Complex academic or logic question number 308. Please replace this placeholder with the actual question."
    },
    {
        "id": 309,
        "question": "Complex academic or logic question number 309. Please replace this placeholder with the actual question."
    },
    {
        "id": 310,
        "question": "Complex academic or logic question number 310. Please replace this placeholder with the actual question."
    },
    {
        "id": 311,
        "question": "Complex academic or logic question number 311. Please replace this placeholder with the actual question."
    },
    {
        "id": 312,
        "question": "Complex academic or logic question number 312. Please replace this placeholder with the actual question."
    },
    {
        "id": 313,
        "question": "Complex academic or logic question number 313. Please replace this placeholder with the actual question."
    },
    {
        "id": 314,
        "question": "Complex academic or logic question number 314. Please replace this placeholder with the actual question."
    },
    {
        "id": 315,
        "question": "Complex academic or logic question number 315. Please replace this placeholder with the actual question."
    },
    {
        "id": 316,
        "question": "Complex academic or logic question number 316. Please replace this placeholder with the actual question."
    },
    {
        "id": 317,
        "question": "Complex academic or logic question number 317. Please replace this placeholder with the actual question."
    },
    {
        "id": 318,
        "question": "Complex academic or logic question number 318. Please replace this placeholder with the actual question."
    },
    {
        "id": 319,
        "question": "Complex academic or logic question number 319. Please replace this placeholder with the actual question."
    },
    {
        "id": 320,
        "question": "Complex academic or logic question number 320. Please replace this placeholder with the actual question."
    },
    {
        "id": 321,
        "question": "Complex academic or logic question number 321. Please replace this placeholder with the actual question."
    },
    {
        "id": 322,
        "question": "Complex academic or logic question number 322. Please replace this placeholder with the actual question."
    },
    {
        "id": 323,
        "question": "Complex academic or logic question number 323. Please replace this placeholder with the actual question."
    },
    {
        "id": 324,
        "question": "Complex academic or logic question number 324. Please replace this placeholder with the actual question."
    },
    {
        "id": 325,
        "question": "Complex academic or logic question number 325. Please replace this placeholder with the actual question."
    },
    {
        "id": 326,
        "question": "Complex academic or logic question number 326. Please replace this placeholder with the actual question."
    },
    {
        "id": 327,
        "question": "Complex academic or logic question number 327. Please replace this placeholder with the actual question."
    },
    {
        "id": 328,
        "question": "Complex academic or logic question number 328. Please replace this placeholder with the actual question."
    },
    {
        "id": 329,
        "question": "Complex academic or logic question number 329. Please replace this placeholder with the actual question."
    },
    {
        "id": 330,
        "question": "Complex academic or logic question number 330. Please replace this placeholder with the actual question."
    },
    {
        "id": 331,
        "question": "Complex academic or logic question number 331. Please replace this placeholder with the actual question."
    },
    {
        "id": 332,
        "question": "Complex academic or logic question number 332. Please replace this placeholder with the actual question."
    },
    {
        "id": 333,
        "question": "Complex academic or logic question number 333. Please replace this placeholder with the actual question."
    },
    {
        "id": 334,
        "question": "Complex academic or logic question number 334. Please replace this placeholder with the actual question."
    },
    {
        "id": 335,
        "question": "Complex academic or logic question number 335. Please replace this placeholder with the actual question."
    },
    {
        "id": 336,
        "question": "Complex academic or logic question number 336. Please replace this placeholder with the actual question."
    },
    {
        "id": 337,
        "question": "Complex academic or logic question number 337. Please replace this placeholder with the actual question."
    },
    {
        "id": 338,
        "question": "Complex academic or logic question number 338. Please replace this placeholder with the actual question."
    },
    {
        "id": 339,
        "question": "Complex academic or logic question number 339. Please replace this placeholder with the actual question."
    },
    {
        "id": 340,
        "question": "Complex academic or logic question number 340. Please replace this placeholder with the actual question."
    },
    {
        "id": 341,
        "question": "Complex academic or logic question number 341. Please replace this placeholder with the actual question."
    },
    {
        "id": 342,
        "question": "Complex academic or logic question number 342. Please replace this placeholder with the actual question."
    },
    {
        "id": 343,
        "question": "Complex academic or logic question number 343. Please replace this placeholder with the actual question."
    },
    {
        "id": 344,
        "question": "Complex academic or logic question number 344. Please replace this placeholder with the actual question."
    },
    {
        "id": 345,
        "question": "Complex academic or logic question number 345. Please replace this placeholder with the actual question."
    },
    {
        "id": 346,
        "question": "Complex academic or logic question number 346. Please replace this placeholder with the actual question."
    },
    {
        "id": 347,
        "question": "Complex academic or logic question number 347. Please replace this placeholder with the actual question."
    },
    {
        "id": 348,
        "question": "Complex academic or logic question number 348. Please replace this placeholder with the actual question."
    },
    {
        "id": 349,
        "question": "Complex academic or logic question number 349. Please replace this placeholder with the actual question."
    },
    {
        "id": 350,
        "question": "Complex academic or logic question number 350. Please replace this placeholder with the actual question."
    },
    {
        "id": 351,
        "question": "Complex academic or logic question number 351. Please replace this placeholder with the actual question."
    },
    {
        "id": 352,
        "question": "Complex academic or logic question number 352. Please replace this placeholder with the actual question."
    },
    {
        "id": 353,
        "question": "Complex academic or logic question number 353. Please replace this placeholder with the actual question."
    },
    {
        "id": 354,
        "question": "Complex academic or logic question number 354. Please replace this placeholder with the actual question."
    },
    {
        "id": 355,
        "question": "Complex academic or logic question number 355. Please replace this placeholder with the actual question."
    },
    {
        "id": 356,
        "question": "Complex academic or logic question number 356. Please replace this placeholder with the actual question."
    },
    {
        "id": 357,
        "question": "Complex academic or logic question number 357. Please replace this placeholder with the actual question."
    },
    {
        "id": 358,
        "question": "Complex academic or logic question number 358. Please replace this placeholder with the actual question."
    },
    {
        "id": 359,
        "question": "Complex academic or logic question number 359. Please replace this placeholder with the actual question."
    },
    {
        "id": 360,
        "question": "Complex academic or logic question number 360. Please replace this placeholder with the actual question."
    },
    {
        "id": 361,
        "question": "Complex academic or logic question number 361. Please replace this placeholder with the actual question."
    },
    {
        "id": 362,
        "question": "Complex academic or logic question number 362. Please replace this placeholder with the actual question."
    },
    {
        "id": 363,
        "question": "Complex academic or logic question number 363. Please replace this placeholder with the actual question."
    },
    {
        "id": 364,
        "question": "Complex academic or logic question number 364. Please replace this placeholder with the actual question."
    },
    {
        "id": 365,
        "question": "Complex academic or logic question number 365. Please replace this placeholder with the actual question."
    },
    {
        "id": 366,
        "question": "Complex academic or logic question number 366. Please replace this placeholder with the actual question."
    },
    {
        "id": 367,
        "question": "Complex academic or logic question number 367. Please replace this placeholder with the actual question."
    },
    {
        "id": 368,
        "question": "Complex academic or logic question number 368. Please replace this placeholder with the actual question."
    },
    {
        "id": 369,
        "question": "Complex academic or logic question number 369. Please replace this placeholder with the actual question."
    },
    {
        "id": 370,
        "question": "Complex academic or logic question number 370. Please replace this placeholder with the actual question."
    },
    {
        "id": 371,
        "question": "Complex academic or logic question number 371. Please replace this placeholder with the actual question."
    },
    {
        "id": 372,
        "question": "Complex academic or logic question number 372. Please replace this placeholder with the actual question."
    },
    {
        "id": 373,
        "question": "Complex academic or logic question number 373. Please replace this placeholder with the actual question."
    },
    {
        "id": 374,
        "question": "Complex academic or logic question number 374. Please replace this placeholder with the actual question."
    },
    {
        "id": 375,
        "question": "Complex academic or logic question number 375. Please replace this placeholder with the actual question."
    },
    {
        "id": 376,
        "question": "Complex academic or logic question number 376. Please replace this placeholder with the actual question."
    },
    {
        "id": 377,
        "question": "Complex academic or logic question number 377. Please replace this placeholder with the actual question."
    },
    {
        "id": 378,
        "question": "Complex academic or logic question number 378. Please replace this placeholder with the actual question."
    },
    {
        "id": 379,
        "question": "Complex academic or logic question number 379. Please replace this placeholder with the actual question."
    },
    {
        "id": 380,
        "question": "Complex academic or logic question number 380. Please replace this placeholder with the actual question."
    },
    {
        "id": 381,
        "question": "Complex academic or logic question number 381. Please replace this placeholder with the actual question."
    },
    {
        "id": 382,
        "question": "Complex academic or logic question number 382. Please replace this placeholder with the actual question."
    },
    {
        "id": 383,
        "question": "Complex academic or logic question number 383. Please replace this placeholder with the actual question."
    },
    {
        "id": 384,
        "question": "Complex academic or logic question number 384. Please replace this placeholder with the actual question."
    },
    {
        "id": 385,
        "question": "Complex academic or logic question number 385. Please replace this placeholder with the actual question."
    },
    {
        "id": 386,
        "question": "Complex academic or logic question number 386. Please replace this placeholder with the actual question."
    },
    {
        "id": 387,
        "question": "Complex academic or logic question number 387. Please replace this placeholder with the actual question."
    },
    {
        "id": 388,
        "question": "Complex academic or logic question number 388. Please replace this placeholder with the actual question."
    },
    {
        "id": 389,
        "question": "Complex academic or logic question number 389. Please replace this placeholder with the actual question."
    },
    {
        "id": 390,
        "question": "Complex academic or logic question number 390. Please replace this placeholder with the actual question."
    },
    {
        "id": 391,
        "question": "Complex academic or logic question number 391. Please replace this placeholder with the actual question."
    },
    {
        "id": 392,
        "question": "Complex academic or logic question number 392. Please replace this placeholder with the actual question."
    },
    {
        "id": 393,
        "question": "Complex academic or logic question number 393. Please replace this placeholder with the actual question."
    },
    {
        "id": 394,
        "question": "Complex academic or logic question number 394. Please replace this placeholder with the actual question."
    },
    {
        "id": 395,
        "question": "Complex academic or logic question number 395. Please replace this placeholder with the actual question."
    },
    {
        "id": 396,
        "question": "Complex academic or logic question number 396. Please replace this placeholder with the actual question."
    },
    {
        "id": 397,
        "question": "Complex academic or logic question number 397. Please replace this placeholder with the actual question."
    },
    {
        "id": 398,
        "question": "Complex academic or logic question number 398. Please replace this placeholder with the actual question."
    },
    {
        "id": 399,
        "question": "Complex academic or logic question number 399. Please replace this placeholder with the actual question."
    },
    {
        "id": 400,
        "question": "Complex academic or logic question number 400. Please replace this placeholder with the actual question."
    },
    {
        "id": 401,
        "question": "Complex academic or logic question number 401. Please replace this placeholder with the actual question."
    },
    {
        "id": 402,
        "question": "Complex academic or logic question number 402. Please replace this placeholder with the actual question."
    },
    {
        "id": 403,
        "question": "Complex academic or logic question number 403. Please replace this placeholder with the actual question."
    },
    {
        "id": 404,
        "question": "Complex academic or logic question number 404. Please replace this placeholder with the actual question."
    },
    {
        "id": 405,
        "question": "Complex academic or logic question number 405. Please replace this placeholder with the actual question."
    },
    {
        "id": 406,
        "question": "Complex academic or logic question number 406. Please replace this placeholder with the actual question."
    },
    {
        "id": 407,
        "question": "Complex academic or logic question number 407. Please replace this placeholder with the actual question."
    },
    {
        "id": 408,
        "question": "Complex academic or logic question number 408. Please replace this placeholder with the actual question."
    },
    {
        "id": 409,
        "question": "Complex academic or logic question number 409. Please replace this placeholder with the actual question."
    },
    {
        "id": 410,
        "question": "Complex academic or logic question number 410. Please replace this placeholder with the actual question."
    },
    {
        "id": 411,
        "question": "Complex academic or logic question number 411. Please replace this placeholder with the actual question."
    },
    {
        "id": 412,
        "question": "Complex academic or logic question number 412. Please replace this placeholder with the actual question."
    },
    {
        "id": 413,
        "question": "Complex academic or logic question number 413. Please replace this placeholder with the actual question."
    },
    {
        "id": 414,
        "question": "Complex academic or logic question number 414. Please replace this placeholder with the actual question."
    },
    {
        "id": 415,
        "question": "Complex academic or logic question number 415. Please replace this placeholder with the actual question."
    },
    {
        "id": 416,
        "question": "Complex academic or logic question number 416. Please replace this placeholder with the actual question."
    },
    {
        "id": 417,
        "question": "Complex academic or logic question number 417. Please replace this placeholder with the actual question."
    },
    {
        "id": 418,
        "question": "Complex academic or logic question number 418. Please replace this placeholder with the actual question."
    },
    {
        "id": 419,
        "question": "Complex academic or logic question number 419. Please replace this placeholder with the actual question."
    },
    {
        "id": 420,
        "question": "Complex academic or logic question number 420. Please replace this placeholder with the actual question."
    },
    {
        "id": 421,
        "question": "Complex academic or logic question number 421. Please replace this placeholder with the actual question."
    },
    {
        "id": 422,
        "question": "Complex academic or logic question number 422. Please replace this placeholder with the actual question."
    },
    {
        "id": 423,
        "question": "Complex academic or logic question number 423. Please replace this placeholder with the actual question."
    },
    {
        "id": 424,
        "question": "Complex academic or logic question number 424. Please replace this placeholder with the actual question."
    },
    {
        "id": 425,
        "question": "Complex academic or logic question number 425. Please replace this placeholder with the actual question."
    },
    {
        "id": 426,
        "question": "Complex academic or logic question number 426. Please replace this placeholder with the actual question."
    },
    {
        "id": 427,
        "question": "Complex academic or logic question number 427. Please replace this placeholder with the actual question."
    },
    {
        "id": 428,
        "question": "Complex academic or logic question number 428. Please replace this placeholder with the actual question."
    },
    {
        "id": 429,
        "question": "Complex academic or logic question number 429. Please replace this placeholder with the actual question."
    },
    {
        "id": 430,
        "question": "Complex academic or logic question number 430. Please replace this placeholder with the actual question."
    },
    {
        "id": 431,
        "question": "Complex academic or logic question number 431. Please replace this placeholder with the actual question."
    },
    {
        "id": 432,
        "question": "Complex academic or logic question number 432. Please replace this placeholder with the actual question."
    },
    {
        "id": 433,
        "question": "Complex academic or logic question number 433. Please replace this placeholder with the actual question."
    },
    {
        "id": 434,
        "question": "Complex academic or logic question number 434. Please replace this placeholder with the actual question."
    },
    {
        "id": 435,
        "question": "Complex academic or logic question number 435. Please replace this placeholder with the actual question."
    },
    {
        "id": 436,
        "question": "Complex academic or logic question number 436. Please replace this placeholder with the actual question."
    },
    {
        "id": 437,
        "question": "Complex academic or logic question number 437. Please replace this placeholder with the actual question."
    },
    {
        "id": 438,
        "question": "Complex academic or logic question number 438. Please replace this placeholder with the actual question."
    },
    {
        "id": 439,
        "question": "Complex academic or logic question number 439. Please replace this placeholder with the actual question."
    },
    {
        "id": 440,
        "question": "Complex academic or logic question number 440. Please replace this placeholder with the actual question."
    },
    {
        "id": 441,
        "question": "Complex academic or logic question number 441. Please replace this placeholder with the actual question."
    },
    {
        "id": 442,
        "question": "Complex academic or logic question number 442. Please replace this placeholder with the actual question."
    },
    {
        "id": 443,
        "question": "Complex academic or logic question number 443. Please replace this placeholder with the actual question."
    },
    {
        "id": 444,
        "question": "Complex academic or logic question number 444. Please replace this placeholder with the actual question."
    },
    {
        "id": 445,
        "question": "Complex academic or logic question number 445. Please replace this placeholder with the actual question."
    },
    {
        "id": 446,
        "question": "Complex academic or logic question number 446. Please replace this placeholder with the actual question."
    },
    {
        "id": 447,
        "question": "Complex academic or logic question number 447. Please replace this placeholder with the actual question."
    },
    {
        "id": 448,
        "question": "Complex academic or logic question number 448. Please replace this placeholder with the actual question."
    }
]